timestamp,task,e2e_ms,server_duration_ms,steps,tool_calls,success,error_type
18482.852772648,What is the weather like in Tokyo right now? Should I pack warm clothes?,31835.51,31818.51,4,1,True,
18497.860439847,"Look up GOOGL financial data, calculate the P/E ratio if EPS is $5.80, and summarize the investment ",40060.49,40055.63,4,1,True,
18514.688334788,Look up financial data for AAPL stock and write a brief investment summary.,23644.54,23642.47,4,1,True,
18537.920984035,Search Wikipedia for artificial intelligence and explain it in simple terms.,20279.45,20277.38,4,1,True,
18535.37180228,Search Wikipedia for artificial intelligence and explain it in simple terms.,26451.3,26446.48,4,1,True,
18520.370633781,"Get the weather in Tokyo, search Wikipedia for Tokyo, and write a short travel advisory.",45656.4,45650.72,5,2,True,
18505.354720253,Search Wikipedia for compound interest. Then calculate how much $1000 grows in 5 years at 7% compoun,67614.46,67609.36,7,3,True,
18490.349195945,Get weather data for Istanbul and New York. Calculate the temperature difference in both Celsius and,92270.75,92265.71,5,2,True,
18558.200484356,Search Wikipedia for the history of Istanbul and summarize the key events in 3 bullet points.,29156.72,29154.66,4,1,True,
18587.357248215,Get the current weather in London and compare it to Istanbul. Which city is warmer today?,19976.2,19974.28,5,2,True,
18512.896984554,Search Wikipedia for compound interest. Then calculate how much $1000 grows in 5 years at 7% compoun,96948.39,96930.32,7,3,True,
18527.881813164,Get financial data for MSFT and compare its P/E ratio to a typical tech stock.,86921.44,86916.36,4,1,True,
18561.823159343,Get financial data for MSFT and compare its P/E ratio to a typical tech stock.,54859.77,54857.58,5,2,True,
18572.969219443,"Look up AAPL financial data. If I invested $5000 at the current price, calculate how many shares I c",52334.68,52332.73,4,1,True,
18566.027097241,Get weather data for Istanbul and New York. Calculate the temperature difference in both Celsius and,62200.43,62198.36,5,2,True,
18607.333496596,"Look up AAPL financial data. If I invested $5000 at the current price, calculate how many shares I c",47270.28,47268.36,4,1,True,
18538.332918228,"Calculate the compound interest on $10000 at 5% annual rate for 10 years, then search Wikipedia for ",120002.22,0,0,0,False,http_0
18616.682975591,Get weather data for Istanbul and New York. Calculate the temperature difference in both Celsius and,47110.66,47108.41,5,2,True,
18628.227566946,"Look up AAPL financial data. If I invested $5000 at the current price, calculate how many shares I c",46299.0,46296.86,4,1,True,
18609.845427064,Search Wikipedia for compound interest. Then calculate how much $1000 grows in 5 years at 7% compoun,76118.75,76116.6,9,4,True,
18654.60381592,Look up financial data for AAPL stock and write a brief investment summary.,34509.34,34507.36,4,1,True,
18582.61998563,Get weather data for Istanbul and New York. Calculate the temperature difference in both Celsius and,109999.76,109997.71,5,2,True,
18663.793683107,Search Wikipedia for artificial intelligence and explain it in simple terms.,29637.49,29635.47,4,1,True,
18614.803301543,"Get the weather in Tokyo, search Wikipedia for Tokyo, and write a short travel advisory.",82329.55,82327.55,5,2,True,
18685.964221722,Search Wikipedia for artificial intelligence and explain it in simple terms.,26834.71,26832.65,4,1,True,
18658.33522938,"Look up AAPL financial data. If I invested $5000 at the current price, calculate how many shares I c",62916.59,62911.45,4,1,True,
18697.132899361,Get the current weather in London and tell me if I should bring an umbrella.,25089.95,25087.82,4,1,True,
18689.113201948,"Get the weather in Tokyo, search Wikipedia for Tokyo, and write a short travel advisory.",36007.46,36005.53,5,2,True,
18693.431216589,Get the current weather in London and tell me if I should bring an umbrella.,37511.18,37509.01,4,1,True,
18692.619785451,Search Wikipedia for artificial intelligence and explain it in simple terms.,41329.08,41327.0,4,1,True,
18625.303938765,Get weather data for Istanbul and New York. Calculate the temperature difference in both Celsius and,112894.83,112892.85,5,2,True,
18712.798974507,"Calculate 15% tip on a $85.50 restaurant bill, then search Wikipedia for tipping customs around the ",49793.87,49791.89,5,2,True,
18674.526609743,Get weather data for Istanbul and New York. Calculate the temperature difference in both Celsius and,109709.52,109707.44,5,2,True,
18486.611650415,Get the current weather in London and compare it to Istanbul. Which city is warmer today?,18431.33,18427.42,5,2,True,
18509.10347239,Search Wikipedia for artificial intelligence and explain it in simple terms.,24074.09,24070.36,4,1,True,
18494.100427001,"Look up GOOGL financial data, calculate the P/E ratio if EPS is $5.80, and summarize the investment ",41303.74,41300.13,4,1,True,
18533.177617252,What is the weather like in Tokyo right now? Should I pack warm clothes?,35442.98,35440.81,4,1,True,
18524.120107958,"Look up GOOGL financial data, calculate the P/E ratio if EPS is $5.80, and summarize the investment ",53896.3,53892.56,4,1,True,
18539.128685967,"Calculate 15% tip on a $85.50 restaurant bill, then search Wikipedia for tipping customs around the ",44939.66,44935.68,5,2,True,
18516.602421314,"Look up GOOGL financial data, calculate the P/E ratio if EPS is $5.80, and summarize the investment ",80430.41,80426.09,5,2,True,
18578.016455887,Look up financial data for AAPL stock and write a brief investment summary.,27993.17,27991.07,4,1,True,
18501.606630415,Get financial data for MSFT and compare its P/E ratio to a typical tech stock.,109503.88,109499.98,6,2,True,
18505.043055013,Get weather data for Istanbul and New York. Calculate the temperature difference in both Celsius and,108586.37,108584.05,5,2,True,
18535.404207858,Get weather data for Istanbul and New York. Calculate the temperature difference in both Celsius and,78707.45,78705.37,5,2,True,
18613.629474868,Search Wikipedia for artificial intelligence and explain it in simple terms.,25061.32,25059.04,4,1,True,
18597.032870461,"Look up AAPL financial data. If I invested $5000 at the current price, calculate how many shares I c",43307.18,43305.09,4,1,True,
18568.620637465,Search Wikipedia for compound interest. Then calculate how much $1000 grows in 5 years at 7% compoun,73097.34,73095.36,7,3,True,
18584.068390107,"Get the weather in Tokyo, search Wikipedia for Tokyo, and write a short travel advisory.",59631.29,59629.32,5,2,True,
18614.111701897,Get financial data for MSFT and compare its P/E ratio to a typical tech stock.,34227.71,34225.77,6,2,True,
18531.613625373,Get financial data for MSFT and compare its P/E ratio to a typical tech stock.,120004.16,0,0,0,False,http_0
18611.110547501,Get financial data for MSFT and compare its P/E ratio to a typical tech stock.,40710.11,40708.07,4,1,True,
18643.699722376,Get the current weather in London and compare it to Istanbul. Which city is warmer today?,21846.9,21844.79,5,2,True,
18641.718065773,What is the weather like in Tokyo right now? Should I pack warm clothes?,27228.28,27226.12,4,1,True,
18606.009677972,"Search Wikipedia for the stock market, then get financial data for AAPL and GOOGL. Compare the two c",63835.58,63833.49,6,3,True,
18651.617836703,"Look up GOOGL financial data, calculate the P/E ratio if EPS is $5.80, and summarize the investment ",39479.29,39465.18,4,1,True,
18640.340101632,"Get the weather in Tokyo, search Wikipedia for Tokyo, and write a short travel advisory.",55046.97,55045.01,5,2,True,
18651.82071198,"Calculate 15% tip on a $85.50 restaurant bill, then search Wikipedia for tipping customs around the ",44420.72,44418.71,5,2,True,
18665.546667174,Search Wikipedia for the history of Istanbul and summarize the key events in 3 bullet points.,34425.49,34423.48,4,1,True,
18668.946410025,Look up financial data for AAPL stock and write a brief investment summary.,32193.7,32191.4,4,1,True,
18669.845317326,"Get the weather in Tokyo, search Wikipedia for Tokyo, and write a short travel advisory.",50572.23,50570.29,5,2,True,
18699.972203397,Search Wikipedia for the history of Istanbul and summarize the key events in 3 bullet points.,33976.6,33974.22,4,1,True,
18696.241468988,"Get the weather in Tokyo, search Wikipedia for Tokyo, and write a short travel advisory.",39753.92,39751.93,5,2,True,
18701.140149022,Search Wikipedia for the history of Istanbul and summarize the key events in 3 bullet points.,34947.87,34945.91,4,1,True,
18695.387114753,"Get the weather in Tokyo, search Wikipedia for Tokyo, and write a short travel advisory.",48405.95,48403.77,5,2,True,
18638.690834469,Search Wikipedia for compound interest. Then calculate how much $1000 grows in 5 years at 7% compoun,110013.43,110011.27,7,3,True,
18720.417589305,What is the weather like in Tokyo right now? Should I pack warm clothes?,29499.76,29497.88,4,1,True,
18648.339446046,Get weather data for Istanbul and New York. Calculate the temperature difference in both Celsius and,120001.44,0,0,0,False,http_0
18691.097173,Search Wikipedia for compound interest. Then calculate how much $1000 grows in 5 years at 7% compoun,95782.14,95779.96,7,3,True,
